Date,0
2018-01-02,99759.0
2018-01-03,101189.0
2018-01-04,101903.0
2018-01-05,101451.0
2018-01-08,102096.0
2018-01-09,99677.0
2018-01-10,99218.0
2018-01-11,101560.0
2018-01-12,100766.0
2018-01-15,101778.0
2018-01-16,101948.0
2018-01-17,102815.0
2018-01-18,102135.0
2018-01-19,102189.0
2018-01-22,100510.0
2018-01-23,98602.0
2018-01-24,103955.0
2018-01-25,103955.0
2018-01-26,105605.0
2018-01-29,104790.0
2018-01-30,103515.0
2018-01-31,105158.0
2018-02-01,106325.0
2018-02-02,104997.0
2018-02-05,103307.0
2018-02-06,103486.0
2018-02-07,102697.0
2018-02-08,101290.0
2018-02-09,99009.0
2018-02-14,103102.0
2018-02-15,103214.0
2018-02-16,103834.0
2018-02-19,106790.0
2018-02-20,105962.0
2018-02-21,105236.0
2018-02-22,106628.0
2018-02-23,107709.0
2018-02-26,108752.0
2018-02-27,107671.0
2018-02-28,107011.0
2018-03-01,106571.0
2018-03-02,105173.0
2018-03-05,103990.0
2018-03-06,102664.0
2018-03-07,101136.0
2018-03-08,101927.0
2018-03-09,104575.0
2018-03-12,105204.0
2018-03-13,104161.0
2018-03-14,104355.0
2018-03-15,104572.0
2018-03-16,105110.0
2018-03-19,104001.0
2018-03-20,103485.0
2018-03-21,105098.0
2018-03-22,106029.0
2018-03-23,105933.0
2018-03-26,106269.0
2018-03-27,104951.0
2018-03-28,104070.0
2018-03-29,105852.0
2018-04-02,103273.0
2018-04-03,103290.0
2018-04-04,103604.0
2018-04-05,104675.0
2018-04-06,104925.0
2018-04-09,103156.0
2018-04-10,103251.0
2018-04-11,103298.0
2018-04-12,104932.0
2018-04-13,104253.0
2018-04-16,102536.0
2018-04-17,102911.0
2018-04-18,105628.0
2018-04-19,105779.0
2018-04-20,107008.0
2018-04-23,107723.0
2018-04-24,108195.0
2018-04-25,108253.0
2018-04-26,107907.0
2018-04-27,107552.0
2018-04-30,107150.0
2018-05-02,106043.0
2018-05-03,103124.0
2018-05-04,104366.0
2018-05-07,104625.0
2018-05-08,107637.0
2018-05-09,108278.0
2018-05-10,108017.0
2018-05-11,106063.0
2018-05-14,104037.0
2018-05-15,104894.0
2018-05-16,108507.0
2018-05-17,106411.0
2018-05-18,107967.0
2018-05-21,109661.0
2018-05-22,114650.0
2018-05-23,115855.0
2018-05-24,113961.0
2018-05-25,108558.0
2018-05-28,103748.0
2018-05-29,105056.0
2018-05-30,109159.0
2018-06-01,111550.0
2018-06-04,113567.0
2018-06-05,111178.0
2018-06-06,107296.0
2018-06-07,102828.0
2018-06-08,104066.0
2018-06-11,102760.0
2018-06-12,103059.0
2018-06-13,103263.0
2018-06-14,103868.0
2018-06-15,101403.0
2018-06-18,100999.0
2018-06-19,102405.0
2018-06-20,101835.0
2018-06-21,101359.0
2018-06-22,102766.0
2018-06-25,102215.0
2018-06-26,102243.0
2018-06-27,100614.0
2018-06-28,100901.0
2018-06-29,101816.0
2018-07-02,101531.0
2018-07-03,101292.0
2018-07-04,103099.0
2018-07-05,102588.0
2018-07-06,103637.0
2018-07-10,102466.0
2018-07-11,100668.0
2018-07-12,102840.0
2018-07-13,104699.0
2018-07-16,105326.0
2018-07-17,106127.0
2018-07-18,103997.0
2018-07-19,104143.0
2018-07-20,106024.0
2018-07-23,105485.0
2018-07-24,109403.0
2018-07-25,110040.0
2018-07-26,109316.0
2018-07-27,108725.0
2018-07-30,110027.0
2018-07-31,109681.0
2018-08-01,113207.0
2018-08-02,113633.0
2018-08-03,115744.0
2018-08-06,116008.0
2018-08-07,116667.0
2018-08-08,114601.0
2018-08-09,112992.0
2018-08-10,109193.0
2018-08-13,112120.0
2018-08-14,114542.0
2018-08-15,110024.0
2018-08-16,110396.0
2018-08-17,109123.0
2018-08-20,110203.0
2018-08-21,106313.0
2018-08-22,108437.0
2018-08-23,105885.0
2018-08-24,107480.0
2018-08-27,107531.0
2018-08-28,107534.0
2018-08-29,109441.0
2018-08-30,106876.0
2018-08-31,109048.0
2018-09-03,107721.0
2018-09-04,102720.0
2018-09-05,103884.0
2018-09-06,105331.0
2018-09-10,104022.0
2018-09-11,102245.0
2018-09-12,102882.0
2018-09-13,100535.0
2018-09-14,100532.0
2018-09-17,102984.0
2018-09-18,105434.0
2018-09-19,104781.0
2018-09-20,103716.0
2018-09-21,105795.0
2018-09-24,104573.0
2018-09-25,105107.0
2018-09-26,104937.0
2018-09-27,107171.0
2018-09-28,106029.0
2018-10-01,103438.0
2018-10-02,107442.0
2018-10-03,110310.0
2018-10-04,110515.0
2018-10-05,110939.0
2018-10-08,114458.0
2018-10-09,116921.0
2018-10-10,113791.0
2018-10-11,114317.0
2018-10-15,112392.0
2018-10-16,118317.0
2018-10-17,119832.0
2018-10-18,118466.0
2018-10-19,121889.0
2018-10-22,121908.0
2018-10-23,121292.0
2018-10-24,120764.0
2018-10-25,122649.0
2018-10-26,122672.0
2018-10-29,120777.0
2018-10-30,123496.0
2018-10-31,124988.0
2018-11-01,126667.0
2018-11-05,127981.0
2018-11-06,124785.0
2018-11-07,124317.0
2018-11-08,121839.0
2018-11-09,121977.0
2018-11-12,122462.0
2018-11-13,120203.0
2018-11-14,120874.0
2018-11-16,124127.0
2018-11-19,122722.0
2018-11-21,121916.0
2018-11-22,122113.0
2018-11-23,120589.0
2018-11-26,119508.0
2018-11-27,122993.0
2018-11-28,125760.0
2018-11-29,126052.0
2018-11-30,124744.0
2018-12-03,124897.0
2018-12-04,124355.0
2018-12-05,125582.0
2018-12-06,124334.0
2018-12-07,123801.0
2018-12-10,122060.0
2018-12-11,123806.0
2018-12-12,126570.0
2018-12-13,126221.0
2018-12-14,127130.0
2018-12-17,126024.0
2018-12-18,125987.0
2018-12-19,126155.0
2018-12-20,126152.0
2018-12-21,129276.0
2018-12-26,127140.0
2018-12-27,126520.0
2019-01-02,126170.0
2019-01-03,125478.0
2019-01-04,125087.0
2019-01-07,125147.0
2019-01-08,126573.0
2019-01-09,127279.0
2019-01-10,127953.0
2019-01-11,128181.0
2019-01-14,129383.0
2019-01-15,129556.0
2019-01-16,130272.0
2019-01-17,131022.0
2019-01-18,131978.0
2019-01-21,132680.0
2019-01-22,131085.0
2019-01-23,132474.0
2019-01-24,133709.0
2019-01-28,133546.0
2019-01-29,134308.0
2019-01-30,136990.0
2019-01-31,137253.0
2019-02-01,135988.0
2019-02-04,137325.0
2019-02-05,136283.0
2019-02-06,134565.0
2019-02-07,133817.0
2019-02-08,136834.0
2019-02-11,136058.0
2019-02-12,138608.0
2019-02-13,139537.0
2019-02-14,142791.0
2019-02-15,141793.0
2019-02-18,142628.0
2019-02-19,142952.0
2019-02-20,139847.0
2019-02-21,139241.0
2019-02-22,141449.0
2019-02-25,141464.0
2019-02-26,140998.0
2019-02-27,142928.0
2019-02-28,142053.0
2019-03-01,144206.0
2019-03-06,143047.0
2019-03-07,144495.0
2019-03-08,145390.0
2019-03-11,147954.0
2019-03-12,147009.0
2019-03-13,147282.0
2019-03-14,148721.0
2019-03-15,151238.0
2019-03-18,153710.0
2019-03-19,153280.0
2019-03-20,153290.0
2019-03-21,150741.0
2019-03-22,145612.0
2019-03-25,144505.0
2019-03-26,147088.0
2019-03-27,141564.0
2019-03-28,143421.0
2019-03-29,144621.0
2019-04-01,146273.0
2019-04-02,145775.0
2019-04-03,144623.0
2019-04-04,145569.0
2019-04-05,145972.0
2019-04-08,145135.0
2019-04-09,142130.0
2019-04-10,144069.0
2019-04-11,142916.0
2019-04-12,142207.0
2019-04-15,142673.0
2019-04-16,142731.0
2019-04-17,142912.0
2019-04-18,144486.0
2019-04-22,146170.0
2019-04-23,149409.0
2019-04-24,148392.0
2019-04-25,148677.0
2019-04-26,148933.0
2019-04-29,148562.0
2019-04-30,151140.0
2019-05-02,150341.0
2019-05-03,150151.0
2019-05-06,150272.0
2019-05-07,149309.0
2019-05-08,151149.0
2019-05-09,149557.0
2019-05-10,149554.0
2019-05-13,145311.0
2019-05-14,145771.0
2019-05-15,144434.0
2019-05-16,144744.0
2019-05-17,144452.0
2019-05-20,147171.0
2019-05-21,150012.0
2019-05-22,149546.0
2019-05-23,148079.0
2019-05-24,147044.0
2019-05-27,149438.0
2019-05-28,152121.0
2019-05-29,152700.0
2019-05-30,154478.0
2019-05-31,154524.0
2019-06-03,155210.0
2019-06-04,155647.0
2019-06-05,154275.0
2019-06-06,156255.0
2019-06-07,158280.0
2019-06-10,157332.0
2019-06-11,157517.0
2019-06-12,155993.0
2019-06-13,156983.0
2019-06-14,156114.0
2019-06-17,157494.0
2019-06-18,159162.0
2019-06-19,160387.0
2019-06-21,161283.0
2019-06-24,160507.0
2019-06-25,158215.0
2019-06-26,158886.0
2019-06-27,158754.0
2019-06-28,161364.0
2019-07-01,160862.0
2019-07-02,160555.0
2019-07-03,162865.0
2019-07-04,165665.0
2019-07-05,169232.0
2019-07-08,173211.0
2019-07-10,175218.0
2019-07-11,175388.0
2019-07-12,173779.0
2019-07-15,173173.0
2019-07-16,172689.0
2019-07-17,173798.0
2019-07-18,174538.0
2019-07-19,171712.0
2019-07-22,171627.0
2019-07-23,170921.0
2019-07-24,171385.0
2019-07-25,170294.0
2019-07-26,171473.0
2019-07-29,173727.0
2019-07-30,176347.0
2019-07-31,176622.0
2019-08-01,178885.0
2019-08-02,180674.0
2019-08-05,176163.0
2019-08-06,180607.0
2019-08-07,179563.0
2019-08-08,183485.0
2019-08-09,186424.0
2019-08-12,183250.0
2019-08-13,185711.0
2019-08-14,180951.0
2019-08-15,177146.0
2019-08-16,178580.0
2019-08-19,179652.0
2019-08-20,178975.0
2019-08-21,181452.0
2019-08-22,179801.0
2019-08-23,170509.0
2019-08-26,161899.0
2019-08-27,168845.0
2019-08-28,170858.0
2019-08-29,177448.0
2019-08-30,179968.0
2019-09-02,181595.0
2019-09-03,178834.0
2019-09-04,179871.0
2019-09-05,178911.0
2019-09-06,178594.0
2019-09-09,173212.0
2019-09-10,171971.0
2019-09-11,178075.0
2019-09-12,179185.0
2019-09-13,176548.0
2019-09-16,177610.0
2019-09-17,179381.0
2019-09-18,181274.0
2019-09-19,184585.0
2019-09-20,184817.0
2019-09-23,183884.0
2019-09-24,184625.0
2019-09-25,183860.0
2019-09-26,183956.0
2019-09-27,182479.0
2019-09-30,183589.0
2019-10-01,181728.0
2019-10-02,177714.0
2019-10-03,177165.0
2019-10-04,177632.0
2019-10-07,174385.0
2019-10-08,172915.0
2019-10-09,175285.0
2019-10-10,175624.0
2019-10-11,181473.0
2019-10-14,183058.0
2019-10-15,182190.0
2019-10-16,184643.0
2019-10-17,184647.0
2019-10-18,184753.0
2019-10-21,185857.0
2019-10-22,187223.0
2019-10-23,187450.0
2019-10-24,187812.0
2019-10-25,187068.0
2019-10-28,187607.0
2019-10-29,186957.0
2019-10-30,190197.0
2019-10-31,190192.0
2019-11-01,193984.0
2019-11-04,193803.0
2019-11-05,192834.0
2019-11-06,194015.0
2019-11-07,194632.0
2019-11-08,193831.0
2019-11-11,195258.0
2019-11-12,193045.0
2019-11-13,190026.0
2019-11-14,193602.0
2019-11-18,194247.0
2019-11-19,195012.0
2019-11-21,197990.0
2019-11-22,200320.0
2019-11-25,198870.0
2019-11-26,197028.0
2019-11-27,198805.0
2019-11-28,200312.0
2019-11-29,202317.0
2019-12-02,201876.0
2019-12-03,203610.0
2019-12-04,206344.0
2019-12-05,207927.0
2019-12-06,213771.0
2019-12-09,215916.0
2019-12-10,214134.0
2019-12-11,216008.0
2019-12-12,220721.0
2019-12-13,225297.0
2019-12-16,228209.0
2019-12-17,227410.0
2019-12-18,228876.0
2019-12-19,230822.0
2019-12-20,231419.0
2019-12-23,235022.0
2019-12-26,239715.0
2019-12-27,239335.0
2020-01-02,239186.0
2020-01-03,241606.0
2020-01-06,242925.0
2020-01-07,243967.0
2020-01-08,244601.0
2020-01-09,246648.0
2020-01-10,249337.0
2020-01-13,253201.0
2020-01-14,256889.0
2020-01-15,260768.0
2020-01-16,262227.0
2020-01-17,264297.0
2020-01-20,267852.0
2020-01-21,269302.0
2020-01-22,271463.0
2020-01-23,274733.0
2020-01-24,270903.0
2020-01-27,264195.0
2020-01-28,268547.0
2020-01-29,266925.0
2020-01-30,262796.0
2020-01-31,259212.0
2020-02-03,264052.0
2020-02-04,266167.0
2020-02-05,266766.0
2020-02-06,263110.0
2020-02-07,258551.0
2020-02-10,247294.0
2020-02-11,255378.0
2020-02-12,259917.0
2020-02-13,260711.0
2020-02-14,257813.0
2020-02-17,261287.0
2020-02-18,261276.0
2020-02-19,264260.0
2020-02-20,264182.0
2020-02-21,264761.0
2020-02-26,246702.0
2020-02-27,237726.0
2020-02-28,236049.0
2020-03-02,248313.0
2020-03-03,246957.0
2020-03-04,253317.0
2020-03-05,237345.0
2020-03-06,226719.0
2020-03-09,196095.0
2020-03-10,211842.0
2020-03-11,197368.0
2020-03-12,160005.0
2020-03-13,180328.0
2020-03-16,154183.0
2020-03-17,158345.0
2020-03-18,132565.0
2020-03-19,141386.0
2020-03-20,137988.0
2020-03-23,131443.0
2020-03-24,145996.0
2020-03-25,155970.0
2020-03-26,168106.0
2020-03-27,160280.0
2020-03-30,162430.0
2020-03-31,155933.0
2020-04-01,147549.0
2020-04-02,149119.0
2020-04-03,147399.0
2020-04-06,157191.0
2020-04-07,164148.0
2020-04-08,167669.0
2020-04-09,168692.0
2020-04-13,166526.0
2020-04-14,171288.0
2020-04-15,170144.0
2020-04-16,171868.0
2020-04-17,170771.0
2020-04-20,173891.0
2020-04-22,181898.0
2020-04-23,178268.0
2020-04-24,163895.0
2020-04-27,172106.0
2020-04-28,180817.0
2020-04-29,181078.0
2020-04-30,174024.0
2020-05-04,170337.0
2020-05-05,171622.0
2020-05-06,171313.0
2020-05-07,166956.0
2020-05-08,167615.0
2020-05-11,166113.0
2020-05-12,163597.0
2020-05-13,161941.0
2020-05-14,165842.0
2020-05-15,164960.0
2020-05-18,175450.0
2020-05-19,176134.0
2020-05-20,175350.0
2020-05-21,183861.0
2020-05-22,182252.0
2020-05-25,193113.0
2020-05-26,194058.0
2020-05-27,201569.0
2020-05-28,198328.0
2020-05-29,197636.0
2020-06-01,199601.0
2020-06-02,205624.0
2020-06-03,212978.0
2020-06-04,212852.0
2020-06-05,215403.0
2020-06-08,224258.0
2020-06-09,221232.0
2020-06-10,216513.0
2020-06-12,213722.0
2020-06-15,214739.0
2020-06-16,217266.0
2020-06-17,221823.0
2020-06-18,226139.0
2020-06-19,228065.0
2020-06-22,230430.0
2020-06-23,232792.0
2020-06-24,228870.0
2020-06-25,233622.0
2020-06-26,227544.0
2020-06-29,233075.0
2020-06-30,236820.0
2020-07-01,238427.0
2020-07-02,238313.0
2020-07-03,241523.0
2020-07-06,243571.0
2020-07-07,244908.0
2020-07-08,250273.0
2020-07-09,250667.0
2020-07-10,251752.0
2020-07-13,250948.0
2020-07-14,253076.0
2020-07-15,253772.0
2020-07-16,254008.0
2020-07-17,257662.0
2020-07-20,262868.0
2020-07-21,260376.0
2020-07-22,262377.0
2020-07-23,257540.0
2020-07-24,254862.0
2020-07-27,257627.0
2020-07-28,253861.0
2020-07-29,256882.0
2020-07-30,260264.0
2020-07-31,258059.0
2020-08-03,256759.0
2020-08-04,251470.0
2020-08-05,257155.0
2020-08-06,261630.0
2020-08-07,259033.0
2020-08-10,257211.0
2020-08-11,253841.0
2020-08-12,249922.0
2020-08-13,248787.0
2020-08-14,251172.0
2020-08-17,243245.0
2020-08-18,257086.0
2020-08-19,257615.0
2020-08-20,258857.0
2020-08-21,258794.0
2020-08-24,258231.0
2020-08-25,257475.0
2020-08-26,257116.0
2020-08-27,258216.0
2020-08-28,262740.0
2020-08-31,256385.0
2020-09-01,261796.0
2020-09-02,260687.0
2020-09-03,254494.0
2020-09-04,254369.0
2020-09-08,252760.0
2020-09-09,258118.0
2020-09-10,250604.0
2020-09-11,247706.0
2020-09-14,253469.0
2020-09-15,252652.0
2020-09-16,251786.0
2020-09-17,250664.0
2020-09-18,245614.0
2020-09-21,243246.0
2020-09-22,243639.0
2020-09-23,238784.0
2020-09-24,242701.0
2020-09-25,241771.0
2020-09-28,235196.0
2020-09-29,232879.0
2020-09-30,237167.0
2020-10-01,242137.0
2020-10-02,236142.0
2020-10-05,239937.0
2020-10-06,239277.0
2020-10-07,238304.0
2020-10-08,242243.0
2020-10-09,246430.0
2020-10-13,249346.0
2020-10-14,253548.0
2020-10-15,253427.0
2020-10-16,252902.0
2020-10-19,252894.0
2020-10-20,258969.0
2020-10-21,261325.0
2020-10-22,262814.0
2020-10-23,261304.0
2020-10-26,258629.0
2020-10-27,257492.0
2020-10-28,246732.0
2020-10-29,248673.0
2020-10-30,240311.0
2020-11-03,244837.0
2020-11-04,253763.0
2020-11-05,261812.0
2020-11-06,265815.0
2020-11-09,265076.0
2020-11-10,262412.0
2020-11-11,261419.0
2020-11-12,258126.0
2020-11-13,264874.0
2020-11-16,267070.0
2020-11-17,267322.0
2020-11-18,266006.0
2020-11-19,273673.0
2020-11-23,271055.0
2020-11-24,271598.0
2020-11-25,276674.0
2020-11-26,280407.0
2020-11-27,281903.0
2020-11-30,276906.0
2020-12-01,282698.0
2020-12-02,282404.0
2020-12-03,286289.0
2020-12-04,288104.0
2020-12-07,288074.0
2020-12-08,288281.0
2020-12-09,286599.0
2020-12-10,289166.0
2020-12-11,289961.0
2020-12-14,293851.0
2020-12-15,297334.0
2020-12-16,301859.0
2020-12-17,301237.0
2020-12-18,298967.0
2020-12-21,296038.0
2020-12-22,300471.0
2020-12-23,305770.0
2020-12-28,309349.0
2020-12-29,313238.0
2021-01-04,312934.0
2021-01-05,312865.0
2021-01-06,308147.0
2021-01-07,308756.0
2021-01-08,317470.0
2021-01-11,312433.0
2021-01-12,314942.0
2021-01-13,315909.0
2021-01-14,317491.0
2021-01-15,313314.0
2021-01-18,314534.0
2021-01-19,312468.0
2021-01-20,312146.0
2021-01-21,312219.0
2021-01-22,309532.0
2021-01-26,308629.0
2021-01-27,306627.0
2021-01-28,313733.0
2021-01-29,306426.0
2021-02-01,315571.0
2021-02-02,322818.0
2021-02-03,330416.0
2021-02-04,327434.0
2021-02-05,331330.0
2021-02-08,333778.0
2021-02-09,329716.0
2021-02-10,324232.0
2021-02-11,326522.0
2021-02-12,325060.0
2021-02-17,326059.0
2021-02-18,323869.0
2021-02-19,322003.0
2021-02-22,315505.0
2021-02-23,316942.0
2021-02-24,317735.0
2021-02-25,309267.0
2021-02-26,307849.0
2021-03-01,308475.0
2021-03-02,308861.0
2021-03-03,309086.0
2021-03-04,313390.0
2021-03-05,314599.0
2021-03-08,298453.0
2021-03-09,302627.0
2021-03-10,307511.0
2021-03-11,310357.0
2021-03-12,312753.0
2021-03-15,318033.0
2021-03-16,319301.0
2021-03-17,326409.0
2021-03-18,315993.0
2021-03-19,322920.0
2021-03-22,323919.0
2021-03-23,321929.0
2021-03-24,315493.0
2021-03-25,319105.0
2021-03-26,320577.0
2021-03-29,325132.0
2021-03-30,331468.0
2021-03-31,330536.0
2021-04-01,328738.0
2021-04-05,332767.0
2021-04-06,335701.0
2021-04-07,336555.0
2021-04-08,341679.0
2021-04-09,340224.0
2021-04-12,342304.0
2021-04-13,342716.0
2021-04-14,344905.0
2021-04-15,345164.0
2021-04-16,348310.0
2021-04-19,346772.0
2021-04-20,345886.0
2021-04-22,339843.0
2021-04-23,343623.0
2021-04-26,343803.0
2021-04-27,342318.0
2021-04-28,341214.0
2021-04-29,340274.0
2021-04-30,335553.0
2021-05-03,336150.0
2021-05-04,332405.0
2021-05-05,340214.0
2021-05-06,339334.0
2021-05-07,342431.0
2021-05-10,336526.0
2021-05-11,337426.0
2021-05-12,327955.0
2021-05-13,333588.0
2021-05-14,339591.0
2021-05-17,348482.0
2021-05-18,349790.0
2021-05-19,351263.0
2021-05-20,352409.0
2021-05-21,349771.0
2021-05-24,359648.0
2021-05-25,358270.0
2021-05-26,358408.0
2021-05-27,363621.0
2021-05-28,372142.0
2021-05-31,376320.0
2021-06-01,375035.0
2021-06-02,384002.0
2021-06-04,387024.0
2021-06-07,377679.0
2021-06-08,371923.0
2021-06-09,369748.0
2021-06-10,371615.0
2021-06-11,368968.0
2021-06-14,373744.0
2021-06-15,377973.0
2021-06-16,374501.0
2021-06-17,368534.0
2021-06-18,370196.0
2021-06-21,375135.0
2021-06-22,370807.0
2021-06-23,369087.0
2021-06-24,373225.0
2021-06-25,365168.0
2021-06-28,366718.0
2021-06-29,368931.0
2021-06-30,366637.0
2021-07-01,367066.0
2021-07-02,373890.0
2021-07-05,373659.0
2021-07-06,365337.0
2021-07-07,370851.0
2021-07-08,364902.0
2021-07-12,370338.0
2021-07-13,371768.0
2021-07-14,375943.0
2021-07-15,377408.0
2021-07-16,375946.0
2021-07-19,369458.0
2021-07-20,373537.0
2021-07-21,374637.0
2021-07-22,376683.0
2021-07-23,372027.0
2021-07-26,369331.0
2021-07-27,365588.0
2021-07-28,370511.0
2021-07-29,370669.0
2021-07-30,361151.0
2021-08-02,367497.0
2021-08-03,367648.0
2021-08-04,366041.0
2021-08-05,367619.0
2021-08-06,373137.0
2021-08-09,377920.0
2021-08-10,376349.0
2021-08-11,376668.0
2021-08-12,370642.0
2021-08-13,369317.0
2021-08-16,359030.0
2021-08-17,354328.0
2021-08-18,355976.0
2021-08-19,364489.0
2021-08-20,368386.0
2021-08-23,363741.0
2021-08-24,371725.0
2021-08-25,372006.0
2021-08-26,363553.0
2021-08-27,369655.0
2021-08-30,366191.0
2021-08-31,363947.0
2021-09-01,366695.0
2021-09-02,362070.0
2021-09-03,361082.0
2021-09-06,367249.0
2021-09-08,354567.0
2021-09-09,365865.0
2021-09-10,361818.0
2021-09-13,368444.0
2021-09-14,370772.0
2021-09-15,371067.0
2021-09-16,366695.0
2021-09-17,362809.0
2021-09-20,353890.0
2021-09-21,356580.0
2021-09-22,364528.0
2021-09-23,367808.0
2021-09-24,369292.0
2021-09-27,371715.0
2021-09-28,360564.0
2021-09-29,362468.0
2021-09-30,364354.0
2021-10-01,377390.0
2021-10-04,367668.0
2021-10-05,363338.0
2021-10-06,361868.0
2021-10-07,361289.0
2021-10-08,371430.0
2021-10-11,367180.0
2021-10-13,375217.0
2021-10-14,376074.0
2021-10-15,381604.0
2021-10-18,383819.0
2021-10-19,372445.0
2021-10-20,375564.0
2021-10-21,364381.0
2021-10-22,358082.0
2021-10-25,367530.0
2021-10-26,361735.0
2021-10-27,355691.0
2021-10-28,346008.0
2021-10-29,339879.0
2021-11-01,344458.0
2021-11-03,350094.0
2021-11-04,344911.0
2021-11-05,361177.0
2021-11-08,357463.0
2021-11-09,360854.0
2021-11-10,361671.0
2021-11-11,364715.0
2021-11-12,361164.0
2021-11-16,352699.0
2021-11-17,347474.0
2021-11-18,347109.0
2021-11-19,350567.0
2021-11-22,346726.0
2021-11-23,350891.0
2021-11-24,346713.0
2021-11-25,351483.0
2021-11-26,340118.0
2021-11-29,343215.0
2021-11-30,337489.0
2021-12-01,337118.0
2021-12-02,345046.0
2021-12-03,347669.0
2021-12-06,352191.0
2021-12-07,359905.0
2021-12-08,360351.0
2021-12-09,357033.0
2021-12-10,363092.0
2021-12-13,361090.0
2021-12-14,356334.0
2021-12-15,361641.0
2021-12-16,361824.0
2021-12-17,363264.0
2021-12-20,358347.0
2021-12-21,356633.0
2021-12-22,361626.0
2021-12-23,362269.0
2021-12-27,368221.0
2021-12-28,367148.0
2021-12-29,367980.0
2022-01-03,367860.0
2022-01-04,362941.0
2022-01-05,348966.0
2022-01-06,348192.0
2022-01-07,345792.0
2022-01-10,344687.0
2022-01-11,349179.0
2022-01-12,355978.0
2022-01-13,357053.0
2022-01-14,363325.0
2022-01-17,361874.0
2022-01-18,360630.0
2022-01-19,365530.0
2022-01-20,369956.0
2022-01-21,367686.0
2022-01-24,366205.0
2022-01-25,372143.0
2022-01-26,369588.0
2022-01-27,373468.0
2022-01-28,375563.0
2022-01-31,380640.0
2022-02-01,382357.0
2022-02-02,379335.0
2022-02-03,374979.0
2022-02-04,378930.0
2022-02-07,381326.0
2022-02-08,383228.0
2022-02-09,388562.0
2022-02-10,389490.0
2022-02-11,389575.0
2022-02-14,393089.0
2022-02-15,398202.0
2022-02-16,394173.0
2022-02-17,399323.0
2022-02-18,393429.0
2022-02-21,389739.0
2022-02-22,395262.0
2022-02-23,396469.0
2022-02-24,399197.0
2022-02-25,399582.0
2022-03-02,411657.0
2022-03-03,412881.0
2022-03-04,411259.0
2022-03-07,403501.0
2022-03-08,407168.0
2022-03-09,414688.0
2022-03-10,410624.0
2022-03-11,400711.0
2022-03-14,394710.0
2022-03-15,394946.0
2022-03-16,400353.0
2022-03-17,411653.0
2022-03-18,419157.0
2022-03-21,417095.0
2022-03-22,421728.0
2022-03-23,423301.0
2022-03-24,427264.0
2022-03-25,424187.0
2022-03-28,424498.0
2022-03-29,429112.0
2022-03-30,429461.0
2022-03-31,429485.0
2022-04-01,429111.0
2022-04-04,430166.0
2022-04-05,428647.0
2022-04-06,425204.0
2022-04-07,424785.0
2022-04-08,428066.0
2022-04-11,422083.0
2022-04-12,420531.0
2022-04-13,424616.0
2022-04-14,427229.0
2022-04-18,425244.0
2022-04-19,426102.0
2022-04-20,428912.0
2022-04-22,423153.0
2022-04-25,427031.0
2022-04-26,423629.0
2022-04-27,432981.0
2022-04-28,433360.0
2022-04-29,426932.0
2022-05-02,423774.0
2022-05-03,424568.0
2022-05-04,428866.0
2022-05-05,412045.0
2022-05-06,411220.0
2022-05-09,398034.0
2022-05-10,399023.0
2022-05-11,401041.0
2022-05-12,405668.0
2022-05-13,413937.0
2022-05-16,413998.0
2022-05-17,418560.0
2022-05-18,411646.0
2022-05-19,413554.0
2022-05-20,417405.0
2022-05-23,420733.0
2022-05-24,424800.0
2022-05-25,429654.0
2022-05-26,429352.0
2022-05-27,429319.0
2022-05-30,427590.0
2022-05-31,431133.0
2022-06-01,431747.0
2022-06-02,433609.0
2022-06-03,428079.0
2022-06-06,422666.0
2022-06-07,416578.0
2022-06-08,414342.0
2022-06-09,410886.0
2022-06-10,406134.0
2022-06-13,395058.0
2022-06-14,391379.0
2022-06-15,395108.0
2022-06-17,384324.0
2022-06-20,381549.0
2022-06-21,380242.0
2022-06-22,378926.0
2022-06-23,374274.0
2022-06-24,377892.0
2022-06-27,384907.0
2022-06-28,386086.0
2022-06-29,376740.0
2022-06-30,373401.0
2022-07-01,379571.0
2022-07-04,376495.0
2022-07-05,373704.0
2022-07-06,375997.0
2022-07-07,380741.0
2022-07-08,381137.0
2022-07-11,378612.0
2022-07-12,379278.0
2022-07-13,376411.0
2022-07-14,372959.0
2022-07-15,373281.0
2022-07-18,374091.0
2022-07-19,380766.0
2022-07-20,385750.0
2022-07-21,387645.0
2022-07-22,388522.0
2022-07-25,394989.0
2022-07-26,393013.0
2022-07-27,402028.0
2022-07-28,405900.0
2022-07-29,406627.0
2022-08-01,403906.0
2022-08-02,406593.0
2022-08-03,409213.0
2022-08-04,414714.0
2022-08-05,415363.0
2022-08-08,419077.0
2022-08-09,415655.0
2022-08-10,424203.0
2022-08-11,424565.0
2022-08-12,431305.0
2022-08-15,430917.0
2022-08-16,431860.0
2022-08-17,439222.0
2022-08-18,440237.0
2022-08-19,436006.0
2022-08-22,432424.0
2022-08-23,437413.0
2022-08-24,439632.0
2022-08-25,440241.0
2022-08-26,436671.0
2022-08-29,438628.0
2022-08-30,435588.0
2022-08-31,440760.0
2022-09-01,442607.0
2022-09-02,445647.0
2022-09-05,448740.0
2022-09-06,441684.0
2022-09-08,437370.0
2022-09-09,440630.0
2022-09-12,442360.0
2022-09-13,435349.0
2022-09-14,437371.0
2022-09-15,433767.0
2022-09-16,435894.0
2022-09-19,437084.0
2022-09-20,438139.0
2022-09-21,438632.0
2022-09-22,441927.0
2022-09-23,436604.0
2022-09-26,424793.0
2022-09-27,421421.0
2022-09-28,421426.0
2022-09-29,417415.0
2022-09-30,422907.0
2022-10-03,438816.0
2022-10-04,433426.0
2022-10-05,435895.0
2022-10-06,438298.0
2022-10-07,437266.0
2022-10-10,440660.0
2022-10-11,438030.0
2022-10-13,437810.0
2022-10-14,431813.0
2022-10-17,438904.0
2022-10-18,448201.0
2022-10-19,455628.0
2022-10-20,457494.0
2022-10-21,465590.0
2022-10-24,465847.0
2022-10-25,462451.0
2022-10-26,458782.0
2022-10-27,470698.0
2022-10-28,472097.0
2022-10-31,480570.0
2022-11-01,488242.0
2022-11-03,488478.0
2022-11-04,493949.0
2022-11-07,485103.0
2022-11-08,486500.0
2022-11-09,486313.0
2022-11-10,465213.0
2022-11-11,474979.0
2022-11-14,479938.0
2022-11-16,456427.0
2022-11-17,453748.0
2022-11-18,448400.0
2022-11-21,461469.0
2022-11-22,461076.0
2022-11-23,458862.0
2022-11-24,474445.0
2022-11-25,460676.0
2022-11-28,453482.0
2022-11-29,458150.0
2022-11-30,459703.0
2022-12-01,456908.0
2022-12-02,461196.0
2022-12-05,447858.0
2022-12-06,449418.0
2022-12-07,447616.0
2022-12-08,439408.0
2022-12-09,438700.0
2022-12-12,430095.0
2022-12-13,426385.0
2022-12-14,429530.0
2022-12-15,431344.0
2022-12-16,423822.0
2022-12-19,430483.0
2022-12-20,441747.0
2022-12-21,441615.0
2022-12-22,445216.0
2022-12-23,447915.0
2022-12-26,444050.0
2022-12-27,440659.0
2022-12-28,453876.0
2023-01-02,453741.0
2023-01-03,446145.0
2023-01-04,444191.0
2023-01-05,449487.0
2023-01-06,452837.0
2023-01-09,456386.0
2023-01-10,461337.0
2023-01-11,470117.0
2023-01-12,474054.0
2023-01-13,475458.0
2023-01-16,470663.0
2023-01-17,474549.0
2023-01-18,479601.0
2023-01-19,486741.0
2023-01-20,488246.0
2023-01-23,487799.0
2023-01-24,489026.0
2023-01-25,493408.0
2023-01-26,500708.0
2023-01-27,494168.0
2023-01-30,493748.0
2023-01-31,497656.0
2023-02-01,491506.0
2023-02-02,478658.0
2023-02-03,478792.0
2023-02-06,478382.0
2023-02-07,479955.0
2023-02-08,483767.0
2023-02-09,474652.0
2023-02-10,476191.0
2023-02-13,476708.0
2023-02-14,472029.0
2023-02-15,476978.0
2023-02-16,471210.0
2023-02-17,467564.0
2023-02-22,458955.0
2023-02-23,461227.0
2023-02-24,455426.0
2023-02-27,452373.0
2023-02-28,449650.0
2023-03-01,456484.0
2023-03-02,460145.0
2023-03-03,460867.0
2023-03-06,457160.0
2023-03-07,450322.0
2023-03-08,454956.0
2023-03-09,446348.0
2023-03-10,441691.0
2023-03-13,438377.0
2023-03-14,442393.0
2023-03-15,434878.0
2023-03-16,432499.0
2023-03-17,431116.0
2023-03-20,433173.0
2023-03-21,428043.0
2023-03-22,428968.0
2023-03-23,419416.0
2023-03-24,427604.0
2023-03-27,431879.0
2023-03-28,436322.0
2023-03-29,434450.0
2023-03-30,439125.0
2023-03-31,432385.0
2023-04-03,431235.0
2023-04-04,431859.0
2023-04-05,423524.0
2023-04-06,425139.0
2023-04-10,429017.0
2023-04-11,442117.0
2023-04-12,440018.0
2023-04-13,439223.0
2023-04-14,438139.0
2023-04-17,437310.0
2023-04-18,435852.0
2023-04-19,425824.0
2023-04-20,425833.0
2023-04-24,420929.0
2023-04-25,413409.0
2023-04-26,411405.0
2023-04-27,412548.0
2023-04-28,422488.0
2023-05-02,411528.0
2023-05-03,411208.0
2023-05-04,402907.0
2023-05-05,419269.0
2023-05-08,417404.0
2023-05-09,419964.0
2023-05-10,415923.0
2023-05-11,414851.0
2023-05-12,415433.0
2023-05-15,419695.0
2023-05-16,418872.0
2023-05-17,428671.0
2023-05-18,431871.0
2023-05-19,432707.0
2023-05-22,434608.0
2023-05-23,429946.0
2023-05-24,423461.0
2023-05-25,423670.0
2023-05-26,431932.0
2023-05-29,431381.0
2023-05-30,421286.0
2023-05-31,416749.0
2023-06-01,419284.0
2023-06-02,428784.0
2023-06-05,429384.0
2023-06-06,431758.0
2023-06-07,434456.0
2023-06-09,435014.0
2023-06-12,431568.0
2023-06-13,429916.0
2023-06-14,439738.0
2023-06-15,441665.0
2023-06-16,442457.0
2023-06-19,446738.0
2023-06-20,445323.0
2023-06-21,446236.0
2023-06-22,442584.0
2023-06-23,446309.0
2023-06-26,443807.0
2023-06-27,440946.0
2023-06-28,437123.0
2023-06-29,441715.0
2023-06-30,444629.0
2023-07-03,449683.0
2023-07-04,452154.0
2023-07-05,453869.0
2023-07-06,448280.0
2023-07-07,453619.0
2023-07-10,450475.0
2023-07-11,453790.0
2023-07-12,455565.0
2023-07-13,461138.0
2023-07-14,457784.0
2023-07-17,458390.0
2023-07-18,461249.0
2023-07-19,463423.0
2023-07-20,464834.0
2023-07-21,467452.0
2023-07-24,478659.0
2023-07-25,481128.0
2023-07-26,482660.0
2023-07-27,478761.0
2023-07-28,476348.0
2023-07-31,482364.0
2023-08-01,483694.0
2023-08-02,482471.0
2023-08-03,487488.0
2023-08-04,487442.0
2023-08-07,485032.0
2023-08-08,480856.0
2023-08-09,476336.0
2023-08-10,473317.0
2023-08-11,470877.0
2023-08-14,468518.0
2023-08-15,462269.0
2023-08-16,459262.0
2023-08-17,456021.0
2023-08-18,457998.0
2023-08-21,458707.0
2023-08-22,465393.0
2023-08-23,469232.0
2023-08-24,466041.0
2023-08-25,466632.0
2023-08-28,471251.0
2023-08-29,479403.0
2023-08-30,477849.0
2023-08-31,474260.0
2023-09-01,483509.0
2023-09-04,484556.0
2023-09-05,482784.0
2023-09-06,477916.0
2023-09-08,475380.0
2023-09-11,479133.0
2023-09-12,485774.0
2023-09-13,484998.0
2023-09-14,491651.0
2023-09-15,492153.0
2023-09-18,485032.0
2023-09-19,484233.0
2023-09-20,486255.0
2023-09-21,475731.0
2023-09-22,474361.0
2023-09-25,474619.0
2023-09-26,470046.0
2023-09-27,471519.0
2023-09-28,474397.0
2023-09-29,475283.0
2023-10-02,468502.0
2023-10-03,461185.0
2023-10-04,456304.0
2023-10-05,453709.0
2023-10-06,454462.0
2023-10-09,460851.0
2023-10-10,463962.0
2023-10-11,463037.0
2023-10-13,458685.0
2023-10-16,460364.0
2023-10-17,457635.0
2023-10-18,449564.0
2023-10-19,448008.0
2023-10-20,444004.0
2023-10-23,445872.0
2023-10-24,449484.0
2023-10-25,441301.0
2023-10-26,447661.0
2023-10-27,445502.0
2023-10-30,443288.0
2023-10-31,449527.0
2023-11-01,453237.0
2023-11-03,461046.0
2023-11-06,461812.0
2023-11-07,461758.0
2023-11-08,460337.0
2023-11-09,459593.0
2023-11-10,469233.0
2023-11-13,468173.0
2023-11-14,482092.0
2023-11-16,482465.0
2023-11-17,483931.0
2023-11-20,488239.0
2023-11-21,491934.0
2023-11-22,495349.0
2023-11-23,494053.0
2023-11-24,484242.0
2023-11-27,483723.0
2023-11-28,487031.0
2023-11-29,485822.0
2023-11-30,486315.0
2023-12-01,487788.0
2023-12-04,481620.0
2023-12-05,481408.0
2023-12-06,476581.0
2023-12-07,478637.0
2023-12-08,483302.0
2023-12-11,484194.0
2023-12-12,485274.0
2023-12-13,491456.0
2023-12-14,497831.0
2023-12-15,495071.0
2023-12-18,496858.0
2023-12-19,499039.0
2023-12-20,494680.0
2023-12-21,500270.0
2023-12-22,502084.0
2023-12-26,503739.0
2023-12-27,504417.0
2024-01-02,504271.0
2024-01-03,509710.0
2024-01-04,500009.0
2024-01-05,503691.0
2024-01-08,506681.0
2024-01-09,507059.0
2024-01-10,505182.0
2024-01-11,504574.0
2024-01-12,505345.0
2024-01-15,508381.0
2024-01-16,502002.0
2024-01-17,497128.0
2024-01-18,494530.0
2024-01-19,496348.0
2024-01-22,494685.0
2024-01-23,508534.0
2024-01-24,511620.0
2024-01-25,516828.0
2024-01-26,517103.0
2024-01-29,513160.0
2024-01-30,510696.0
2024-01-31,514644.0
2024-02-01,508815.0
2024-02-02,505315.0
2024-02-05,502806.0
2024-02-06,506273.0
2024-02-07,508331.0
2024-02-08,500263.0
2024-02-09,498342.0
2024-02-14,494131.0
2024-02-15,500569.0
2024-02-16,506105.0
2024-02-19,509715.0
2024-02-20,508997.0
2024-02-21,509357.0
2024-02-22,513741.0
2024-02-23,507509.0
2024-02-26,511709.0
2024-02-27,519236.0
2024-02-28,512325.0
2024-02-29,507035.0
2024-03-01,515932.0
2024-03-04,517406.0
2024-03-05,518145.0
2024-03-06,521426.0
2024-03-07,523511.0
2024-03-08,508583.0
2024-03-11,506759.0
2024-03-12,509467.0
2024-03-13,510746.0
2024-03-14,516411.0
2024-03-15,515242.0
2024-03-18,516819.0
2024-03-19,525141.0
2024-03-20,530119.0
2024-03-21,524081.0
2024-03-22,528721.0
2024-03-25,527851.0
2024-03-26,524613.0
2024-03-27,528191.0
2024-03-28,533432.0
2024-04-01,528294.0
2024-04-02,533636.0
2024-04-03,535552.0
2024-04-04,531726.0
2024-04-05,530358.0
2024-04-08,536929.0
2024-04-09,540472.0
2024-04-10,539297.0
2024-04-11,536680.0
2024-04-12,523865.0
2024-04-15,521205.0
2024-04-16,522509.0
2024-04-17,521779.0
2024-04-18,519270.0
2024-04-19,522176.0
2024-04-22,524220.0
2024-04-23,524431.0
2024-04-24,522847.0
2024-04-25,526081.0
2024-04-26,536646.0
2024-04-29,539357.0
2024-04-30,531696.0
2024-05-02,534375.0
2024-05-03,547021.0
2024-05-06,544952.0
2024-05-07,547273.0
2024-05-08,547693.0
2024-05-09,547174.0
2024-05-10,543977.0
2024-05-13,546492.0
2024-05-14,549429.0
2024-05-15,548341.0
2024-05-16,547171.0
2024-05-17,544261.0
2024-05-20,546703.0
2024-05-21,545803.0
2024-05-22,539184.0
2024-05-23,537597.0
2024-05-24,534856.0
2024-05-27,538981.0
2024-05-28,533652.0
2024-05-29,529287.0
2024-05-31,527817.0
2024-06-03,527606.0
2024-06-04,525451.0
2024-06-05,519417.0
2024-06-06,525751.0
2024-06-07,521235.0
2024-06-10,521426.0
2024-06-11,528257.0
2024-06-12,525629.0
2024-06-13,520972.0
2024-06-14,514608.0
2024-06-17,512392.0
2024-06-18,513088.0
2024-06-19,513887.0
2024-06-20,512961.0
2024-06-21,516809.0
2024-06-24,526343.0
2024-06-25,523761.0
2024-06-26,525254.0
2024-06-27,533423.0
2024-06-28,528165.0
2024-07-01,528473.0
2024-07-02,530764.0
2024-07-03,536963.0
2024-07-04,545523.0
2024-07-05,540633.0
2024-07-08,544697.0
2024-07-09,549682.0
2024-07-10,548179.0
2024-07-11,555436.0
2024-07-12,555105.0
2024-07-15,561233.0
2024-07-16,558840.0
2024-07-17,565513.0
2024-07-18,559080.0
2024-07-19,561721.0
2024-07-22,556201.0
2024-07-23,556859.0
2024-07-24,554594.0
2024-07-25,551757.0
2024-07-26,560772.0
2024-07-29,553364.0
2024-07-30,556758.0
2024-07-31,566775.0
2024-08-01,559088.0
2024-08-02,555081.0
2024-08-05,548589.0
2024-08-06,551941.0
2024-08-07,561414.0
2024-08-08,581520.0
2024-08-09,588421.0
2024-08-12,598035.0
2024-08-13,595298.0
2024-08-14,600539.0
2024-08-15,600934.0
2024-08-16,597262.0
2024-08-19,599570.0
2024-08-20,601651.0
2024-08-21,599740.0
2024-08-22,598796.0
2024-08-23,606872.0
2024-08-26,618364.0
2024-08-27,611392.0
2024-08-28,621148.0
2024-08-29,615461.0
2024-08-30,622483.0
2024-09-02,623932.0
2024-09-03,621369.0
2024-09-04,630948.0
2024-09-05,630540.0
2024-09-06,619219.0
2024-09-09,617934.0
2024-09-10,615562.0
2024-09-11,622470.0
2024-09-12,616353.0
2024-09-13,630423.0
2024-09-16,624210.0
2024-09-17,621864.0
2024-09-18,617156.0
2024-09-19,612845.0
2024-09-20,609127.0
2024-09-23,611303.0
2024-09-24,614416.0
2024-09-25,611178.0
2024-09-26,606948.0
2024-09-27,606866.0
2024-09-30,602342.0
2024-10-01,604594.0
2024-10-02,610871.0
2024-10-03,604574.0
2024-10-04,607335.0
2024-10-07,607688.0
2024-10-08,601751.0
2024-10-09,598320.0
2024-10-10,604311.0
2024-10-11,596327.0
2024-10-14,598027.0
2024-10-15,596113.0
2024-10-16,610486.0
2024-10-17,607269.0
2024-10-18,605925.0
2024-10-21,609732.0
2024-10-22,605934.0
2024-10-23,601468.0
2024-10-24,604829.0
2024-10-25,605020.0
2024-10-28,604617.0
2024-10-29,606706.0
2024-10-30,608473.0
2024-10-31,606377.0
2024-11-01,598302.0
2024-11-04,613396.0
2024-11-05,618812.0
2024-11-06,626368.0
2024-11-07,609335.0
2024-11-08,626078.0
2024-11-11,636325.0
2024-11-12,632827.0
2024-11-13,640928.0
2024-11-14,640839.0
2024-11-18,649936.0
2024-11-19,644503.0
2024-11-21,641501.0
2024-11-22,657527.0
2024-11-25,656229.0
2024-11-26,660884.0
2024-11-27,652176.0
2024-11-28,639051.0
2024-11-29,650256.0
2024-12-02,644712.0
2024-12-03,642243.0
2024-12-04,644764.0
2024-12-05,650544.0
2024-12-06,642676.0
2024-12-09,644797.0
2024-12-10,650324.0
2024-12-11,660239.0
2024-12-12,648501.0
2024-12-13,645668.0
2024-12-16,637434.0
2024-12-17,643007.0
2024-12-18,623599.0
2024-12-19,629536.0
2024-12-20,629273.0
2024-12-23,624203.0
2024-12-26,628681.0
2024-12-27,630515.0
